{
	"credit": "Made with Blockbench",
	"texture_size": [32, 32],
	"textures": {
		"0": "lightsabers/windu_lightsaber",
		"particle": "lightsabers/windu_lightsaber"
	},
	"elements": [
		{
			"from": [7, 2, 9],
			"to": [9, 11, 11],
			"shade": false,
			"faces": {
				"north": {"uv": [3.5, 0, 4.5, 4.5], "texture": "#0"},
				"east": {"uv": [6.5, 3, 7.5, 7.5], "texture": "#0"},
				"south": {"uv": [5.5, 3, 6.5, 7.5], "texture": "#0"},
				"west": {"uv": [7.5, 3, 8.5, 7.5], "texture": "#0"},
				"up": {"uv": [2, 1, 1, 0], "texture": "#0"},
				"down": {"uv": [2, 1, 1, 2], "texture": "#0"}
			}
		},
		{
			"name": "12",
			"from": [7.5, 11, 9.5],
			"to": [8.5, 28.25, 10.5],
			"shade": false,
			"faces": {
				"north": {"uv": [3, 0, 3.5, 8.5], "texture": "#0"},
				"east": {"uv": [3, 0, 3.5, 8.5], "texture": "#0"},
				"south": {"uv": [3, 0, 3.5, 8.5], "texture": "#0"},
				"west": {"uv": [3, 0, 3.5, 8.5], "texture": "#0"},
				"up": {"uv": [3.5, 0.5, 3, 0], "texture": "#0"},
				"down": {"uv": [3.5, 0, 3, 0.5], "texture": "#0"}
			}
		},
		{
			"name": "cube_outline",
			"from": [9, 28.75, 11],
			"to": [7, 11, 9],
			"shade": false,
			"faces": {
				"north": {"uv": [0.5, 0, 1, 9], "rotation": 180, "texture": "#0"},
				"east": {"uv": [0.5, 0, 1, 9], "rotation": 180, "texture": "#0"},
				"south": {"uv": [0.5, 0, 1, 9], "rotation": 180, "texture": "#0"},
				"west": {"uv": [0.5, 0, 1, 9], "rotation": 180, "texture": "#0"},
				"up": {"uv": [2, 0.5, 2.5, 0], "rotation": 270, "texture": "#0"},
				"down": {"uv": [1, 0.5, 0.5, 0], "rotation": 180, "texture": "#0"}
			}
		},
		{
			"name": "cube_outline",
			"from": [9.5, 29.25, 11.5],
			"to": [6.5, 10, 8.5],
			"shade": false,
			"faces": {
				"north": {"uv": [0, 0, 0.5, 9], "rotation": 180, "texture": "#0"},
				"east": {"uv": [0, 0, 0.5, 9], "rotation": 180, "texture": "#0"},
				"south": {"uv": [0, 0, 0.5, 9], "rotation": 180, "texture": "#0"},
				"west": {"uv": [0, 0, 0.5, 9], "rotation": 180, "texture": "#0"},
				"up": {"uv": [2, 0.5, 2.5, 0], "rotation": 90, "texture": "#0"},
				"down": {"uv": [0.5, 0.5, 0, 0], "rotation": 90, "texture": "#0"}
			}
		}
	],
	"display": {
		"firstperson_righthand": {
			"translation": [0, 3.25, 0],
			"scale": [0.75, 0.75, 0.75]
		},
		"firstperson_lefthand": {
			"translation": [0, 3.25, 0],
			"scale": [0.75, 0.75, 0.75]
		},
		"ground": {
			"rotation": [-90, 0, 0],
			"translation": [0, 0, 7.5]
		},
		"gui": {
			"rotation": [-28, -23, -41],
			"translation": [-2.75, -5, 0],
			"scale": [0.71, 0.71, 0.71]
		},
		"fixed": {
			"rotation": [75, 8, 0],
			"translation": [-0.5, -1.5, -28.75],
			"scale": [2, 2, 2]
		}
	}
}